{"cameraMode":{"drawMode":0,"name":"Shaded","section":"Shading Mode"},"sceneLighting":true,"audioPlay":false,"sceneViewState":{"showFog":true,"showMaterialUpdate":false,"showSkybox":true,"showFlares":true,"showImageEffects":true,"showParticleSystems":true},"in2DMode":false,"pivot":{"x":0.07002769410610199,"y":0.010841451585292817,"z":0.4614895284175873},"rotation":{"x":0.6536284685134888,"y":0.026470856741070749,"z":-0.0228863675147295,"w":0.7560061812400818},"size":0.6386958956718445,"orthographic":true}