{"cameraMode":{"drawMode":0,"name":"Shaded","section":"Shading Mode"},"sceneLighting":true,"audioPlay":false,"sceneViewState":{"showFog":true,"showMaterialUpdate":false,"showSkybox":true,"showFlares":true,"showImageEffects":true,"showParticleSystems":true},"in2DMode":false,"pivot":{"x":0.07971945405006409,"y":0.08715348690748215,"z":0.35460707545280459},"rotation":{"x":0.39801183342933657,"y":-0.3244769275188446,"z":0.1529589593410492,"w":0.844336986541748},"size":0.6988059282302856,"orthographic":true}