{"cameraMode":{"drawMode":0,"name":"Shaded","section":"Shading Mode"},"sceneLighting":true,"audioPlay":false,"sceneViewState":{"showFog":true,"showMaterialUpdate":false,"showSkybox":true,"showFlares":true,"showImageEffects":true,"showParticleSystems":true},"in2DMode":false,"pivot":{"x":0.07002769410610199,"y":0.010841451585292817,"z":0.4614895284175873},"rotation":{"x":0.042677052319049838,"y":-0.6443563103675842,"z":0.03605583310127258,"w":0.7626819014549255},"size":0.6386958956718445,"orthographic":true}