{"cameraMode":{"drawMode":0,"name":"Shaded","section":"Shading Mode"},"sceneLighting":true,"audioPlay":false,"sceneViewState":{"showFog":true,"showMaterialUpdate":false,"showSkybox":true,"showFlares":true,"showImageEffects":true,"showParticleSystems":true},"in2DMode":false,"pivot":{"x":-0.006522171199321747,"y":-0.02532762661576271,"z":0.09123580157756806},"rotation":{"x":0.17472702264785767,"y":-0.7740058302879334,"z":0.24222907423973084,"w":0.5583104491233826},"size":0.5366101264953613,"orthographic":true}