{"cameraMode":{"drawMode":0,"name":"Shaded","section":"Shading Mode"},"sceneLighting":true,"audioPlay":false,"sceneViewState":{"showFog":true,"showMaterialUpdate":false,"showSkybox":true,"showFlares":true,"showImageEffects":true,"showParticleSystems":true},"in2DMode":false,"pivot":{"x":-0.11447009444236756,"y":-0.5529133081436157,"z":0.8162988424301148},"rotation":{"x":0.5310720205307007,"y":-0.30708786845207217,"z":0.21458357572555543,"w":0.7600088715553284},"size":1.2355566024780274,"orthographic":false}