{"cameraMode":{"drawMode":0,"name":"Shaded","section":"Shading Mode"},"sceneLighting":true,"audioPlay":false,"sceneViewState":{"showFog":true,"showMaterialUpdate":false,"showSkybox":true,"showFlares":true,"showImageEffects":true,"showParticleSystems":true},"in2DMode":false,"pivot":{"x":0.32875657081604006,"y":-0.02532714605331421,"z":0.46983325481414797},"rotation":{"x":0.6008339524269104,"y":0.06930842995643616,"z":-0.052405163645744327,"w":0.7946374416351318},"size":0.9941092729568481,"orthographic":true}