{"cameraMode":{"drawMode":0,"name":"Shaded","section":"Shading Mode"},"sceneLighting":true,"audioPlay":false,"sceneViewState":{"showFog":true,"showMaterialUpdate":false,"showSkybox":true,"showFlares":true,"showImageEffects":true,"showParticleSystems":true},"in2DMode":false,"pivot":{"x":-0.3326961398124695,"y":-0.18985167145729066,"z":0.4456344544887543},"rotation":{"x":-0.3047996759414673,"y":0.6907957196235657,"z":-0.41437453031539919,"w":-0.5081261992454529},"size":1.5025404691696168,"orthographic":true}